{"sections":{"image_banner":{"type":"image-banner","blocks":{"heading":{"type":"heading","settings":{"heading":"MATERIAL AND CARE"}},"button":{"type":"buttons","settings":{"button_label_1":"Shop all","button_link_1":"shopify:\/\/collections\/all","button_style_secondary_1":false,"button_label_2":"","button_link_2":"","button_style_secondary_2":false}}},"block_order":["heading","button"],"settings":{"image":"shopify:\/\/shop_images\/fashionable-black-and-white-sneakers.jpg","desktop_text_box_position":"flex-start","color_scheme":"background-1","stack_images_on_mobile":true,"adapt_height_first_image":false}},"featured_products":{"type":"featured-collection","settings":{"title":"Featured products","collection":"sports-shoes","products_to_show":4,"show_view_all":true,"swipe_on_mobile":false,"image_ratio":"adapt","show_secondary_image":false,"add_image_padding":false,"show_image_outline":true,"show_vendor":false}},"image_text":{"type":"image-with-text","blocks":{"heading":{"type":"heading","settings":{"heading":"About us"}},"text":{"type":"text","settings":{"text":"<p>Pair text with an image to focus on your chosen product, collection, or blog post. Add details on availability, style, or even provide a review.<\/p>"}},"button":{"type":"button","settings":{"button_label":"know more","button_link":"shopify:\/\/pages\/about-us"}}},"block_order":["heading","text","button"],"settings":{"image":"shopify:\/\/shop_images\/STRIX_RUNNING_SHOES.png","height":"adapt","color_scheme":"background-1","layout":"image_first"}},"1629125356f32bca03":{"type":"video","settings":{"heading":"How To Choose A Running Shoe | What Are The Best Shoes For You?","cover_image":"shopify:\/\/shop_images\/jogger-prepares-footwear.jpg","video_url":"https:\/\/youtu.be\/Y8lIFxCE5Ro","description":"","full_width":false}}},"order":["image_banner","featured_products","image_text","1629125356f32bca03"]}